[
    {
        "pk": 1,
        "model": "Commun.reglement",
        "fields": {
            "proposeEnLigne": true,
            "actif": true,
            "type": "Liquide"
        }
    },
    {
        "pk": 2,
        "model": "Commun.reglement",
        "fields": {
            "proposeEnLigne": true,
            "actif": true,
            "type": "Dette"
        }
    },
    {
        "pk": 1,
        "model": "Commun.panier",
        "fields": {
            "date": "2012-04-23 17:34:21"
        }
    },
    {
        "pk": 2,
        "model": "Commun.panier",
        "fields": {
            "date": "2012-04-23 17:37:22"
        }
    },
    {
        "pk": 3,
        "model": "Commun.panier",
        "fields": {
            "date": "2012-04-23 18:15:00"
        }
    },
    {
        "pk": 4,
        "model": "Commun.panier",
        "fields": {
            "date": "2012-04-23 18:21:37"
        }
    },
    {
        "pk": 5,
        "model": "Commun.panier",
        "fields": {
            "date": "2012-04-24 13:06:13"
        }
    },
    {
        "pk": 6,
        "model": "Commun.panier",
        "fields": {
            "date": "2012-04-24 13:06:27"
        }
    },
    {
        "pk": 7,
        "model": "Commun.panier",
        "fields": {
            "date": "2012-04-24 13:24:08"
        }
    },
    {
        "pk": 8,
        "model": "Commun.panier",
        "fields": {
            "date": "2012-04-24 13:24:28"
        }
    },
    {
        "pk": 9,
        "model": "Commun.panier",
        "fields": {
            "date": "2012-05-02 11:33:13"
        }
    },
    {
        "pk": 10,
        "model": "Commun.panier",
        "fields": {
            "date": "2012-05-02 11:51:10"
        }
    },
    {
        "pk": 11,
        "model": "Commun.panier",
        "fields": {
            "date": "2012-05-04 17:11:51"
        }
    },
    {
        "pk": 1,
        "model": "Commun.status_commande",
        "fields": {
            "code": 1,
            "label": "En attente"
        }
    },
    {
        "pk": 2,
        "model": "Commun.status_commande",
        "fields": {
            "code": 2,
            "label": "En cours"
        }
    },
    {
        "pk": 3,
        "model": "Commun.status_commande",
        "fields": {
            "code": 3,
            "label": "Termin\u00e9e"
        }
    },
    {
        "pk": 4,
        "model": "Commun.status_commande",
        "fields": {
            "code": -1,
            "label": "Annul\u00e9e"
        }
    },
    {
        "pk": 1,
        "model": "Commun.commande",
        "fields": {
            "reglement": 2,
            "panier": 9,
            "prix": "2.50",
            "user": 2,
            "date": "2012-05-02",
            "status_commande": 1
        }
    },
    {
        "pk": 2,
        "model": "Commun.commande",
        "fields": {
            "reglement": 2,
            "panier": 10,
            "prix": "602.50",
            "user": 2,
            "date": "2012-05-04",
            "status_commande": 1
        }
    },
    {
        "pk": 1,
        "model": "Commun.categorie",
        "fields": {
            "nom": "Pizza"
        }
    },
    {
        "pk": 2,
        "model": "Commun.categorie",
        "fields": {
            "nom": "Boisson"
        }
    },
    {
        "pk": 1,
        "model": "Commun.fournisseur",
        "fields": {
            "nom": "Auchan",
            "tel": "02 47 47 47 47",
            "adresse": "auchan",
            "description": "sdfsd",
            "mail": "auchan@auchan.fr"
        }
    },
    {
        "pk": 1,
        "model": "Commun.produit",
        "fields": {
            "articleDouble": false,
            "nom": "Pizza Kebab",
            "quantite": 7403,
            "categorie": 1,
            "ingredients": "ingr\u00e9dients",
            "image": "images/produits/product-img2_7.jpg",
            "fournisseur": 1,
            "prix": "2.50",
            "info": "pizza",
            "quantiteCommandeFournisseur": 0
        }
    },
    {
        "pk": 2,
        "model": "Commun.produit",
        "fields": {
            "articleDouble": false,
            "nom": "Coca",
            "quantite": 10,
            "categorie": 2,
            "ingredients": "coca",
            "image": "images/produits/coca_14.jpg",
            "fournisseur": 1,
            "prix": "0.60",
            "info": "boisson",
            "quantiteCommandeFournisseur": 0
        }
    },
    {
        "pk": 3,
        "model": "Commun.produit",
        "fields": {
            "articleDouble": false,
            "nom": "Sprite",
            "quantite": 2000,
            "categorie": 2,
            "ingredients": "ingr\u00e9dients",
            "image": "images/produits/sprite_3.jpg",
            "fournisseur": 1,
            "prix": "0.60",
            "info": "sprite",
            "quantiteCommandeFournisseur": 0
        }
    },
    {
        "pk": 1,
        "model": "Commun.promo",
        "fields": {
            "promo": "Di5"
        }
    },
    {
        "pk": 2,
        "model": "Commun.promo",
        "fields": {
            "promo": "Di4"
        }
    },
    {
        "pk": 1,
        "model": "Commun.userprofile",
        "fields": {
            "promo": 1,
            "panier": 11,
            "dette": "610.50",
            "user": 2
        }
    },
    {
        "pk": 2,
        "model": "Commun.userprofile",
        "fields": {
            "promo": 2,
            "panier": 6,
            "dette": "0.50",
            "user": 3
        }
    },
    {
        "pk": 3,
        "model": "Commun.userprofile",
        "fields": {
            "promo": 1,
            "panier": 7,
            "dette": "10.00",
            "user": 4
        }
    },
    {
        "pk": 4,
        "model": "Commun.userprofile",
        "fields": {
            "promo": 1,
            "panier": 8,
            "dette": "0.00",
            "user": 5
        }
    },
    {
        "pk": 1,
        "model": "Commun.commentaire",
        "fields": {
            "profile": 1,
            "commentaire": "WTF?",
            "produit": 1,
            "date": "2012-05-02 11:32:30"
        }
    },
    {
        "pk": 1,
        "model": "Commun.typemenu",
        "fields": {
            "nom": "Pizza",
            "categorie": 1,
            "description": "1 pizza + 1 boisson + 2 articles",
            "actif": true,
            "prix": "3.50",
            "nombreArticles": 2
        }
    },
    {
        "pk": 1,
        "model": "Commun.produit_panier",
        "fields": {
            "produit": 1,
            "panier": 1,
            "quantite": 1
        }
    },
    {
        "pk": 2,
        "model": "Commun.produit_panier",
        "fields": {
            "produit": 1,
            "panier": 2,
            "quantite": 1
        }
    },
    {
        "pk": 3,
        "model": "Commun.produit_panier",
        "fields": {
            "produit": 1,
            "panier": 3,
            "quantite": 4
        }
    },
    {
        "pk": 4,
        "model": "Commun.produit_panier",
        "fields": {
            "produit": 1,
            "panier": 5,
            "quantite": 1
        }
    },
    {
        "pk": 5,
        "model": "Commun.produit_panier",
        "fields": {
            "produit": 1,
            "panier": 4,
            "quantite": 2
        }
    },
    {
        "pk": 6,
        "model": "Commun.produit_panier",
        "fields": {
            "produit": 1,
            "panier": 9,
            "quantite": 1
        }
    },
    {
        "pk": 7,
        "model": "Commun.produit_panier",
        "fields": {
            "produit": 1,
            "panier": 10,
            "quantite": 1
        }
    },
    {
        "pk": 8,
        "model": "Commun.produit_panier",
        "fields": {
            "produit": 3,
            "panier": 10,
            "quantite": 1000
        }
    }
]